prediction_date,stock_id,stock_name,base_price,pred_direction,pred_next_low,pred_next_high,actual_next_low,actual_next_high,is_hit
2026-09-11,2330,台積電(2330.TW) 走勢圖,2465.0,📈 隔日看漲 (動能增強，法人籌碼偏多),2445.0,2505.0,2380.0,2395.0,Miss (未命中)
2026-09-11,2409,友達(2409.TW) 走勢圖,30.5,📈 隔日看漲 (動能增強，法人籌碼偏多),29.8,31.4,28.65,29.75,Miss (未命中)
2026-09-11,6147,頎邦(6147.TWO) 走勢圖,198.0,📈 隔日看漲 (動能增強，法人籌碼偏多),190.5,207.5,171.0,191.5,Hit (成功)
2026-09-11,2337,旺宏(2337.TW) 走勢圖,126.5,📈 隔日看漲 (動能增強，法人籌碼偏多),124.0,131.0,114.5,117.5,Miss (未命中)
2026-09-11,3044,健鼎(3044.TW) 走勢圖,509.0,📈 隔日看漲 (動能增強，法人籌碼偏多),499.0,523.0,493.0,517.0,Hit (成功)
2026-09-11,6456,GIS,67.5,📉 隔日看跌 (結構轉弱，法人籌碼調節),65.0,69.6,61.6,65.1,Hit (成功)
2026-09-11,8033,雷虎(8033.TW) 走勢圖,174.5,📉 隔日看跌 (結構轉弱，法人籌碼調節),166.5,180.5,172.0,177.5,Hit (成功)
2026-09-11,5289,宜鼎(5289.TWO) 走勢圖,1355.0,📉 隔日看跌 (結構轉弱，法人籌碼調節),1305.0,1385.0,1245.0,1310.0,Hit (成功)
2026-09-15,2409,友達(2409.TW) 走勢圖,27.9,📉 隔日看跌 (結構轉弱，法人籌碼調節),27.05,28.55,,,Pending
